,precision,recall,f1-score,support,split
Grape_Black_rot,0.9865470852017937,0.9361702127659575,0.9606986899563319,235.0,test
Grape_Esca,0.974910394265233,0.9855072463768116,0.9801801801801802,276.0,test
Grape_healthy,0.9655172413793104,1.0,0.9824561403508771,84.0,test
Grape_spot,0.9683257918552036,0.9953488372093023,0.981651376146789,215.0,test
accuracy,0.9753086419753086,0.9753086419753086,0.9753086419753086,0.9753086419753086,test
macro avg,0.9738251281753852,0.9792565740880178,0.9762465966585446,810.0,test
weighted avg,0.9755646016843909,0.9753086419753086,0.97515467102531,810.0,test
